movieId,movieName,startTime,endTime,songName,artist
RErUYQZM1bE,【歌枠】ゆったりお洒落なボカロソング┊︎Sing & Talk【ひなの羽衣/Vtuber】,364,681,Melody in the sky,40mP
RErUYQZM1bE,【歌枠】ゆったりお洒落なボカロソング┊︎Sing & Talk【ひなの羽衣/Vtuber】,823,1041,ロンリーユニバース,Aqu3ra
RErUYQZM1bE,【歌枠】ゆったりお洒落なボカロソング┊︎Sing & Talk【ひなの羽衣/Vtuber】,1303,1512,常世の気まぐれ,koyori
RErUYQZM1bE,【歌枠】ゆったりお洒落なボカロソング┊︎Sing & Talk【ひなの羽衣/Vtuber】,1783,1925,チョコレートミルク,あぷえら
RErUYQZM1bE,【歌枠】ゆったりお洒落なボカロソング┊︎Sing & Talk【ひなの羽衣/Vtuber】,2203,2372,ガランド,ピコン
RErUYQZM1bE,【歌枠】ゆったりお洒落なボカロソング┊︎Sing & Talk【ひなの羽衣/Vtuber】,2670,3000,"rain stops, good-bye",におP
BG5m1AO_jlk,【歌枠】ヨルシカさんonlyうたわく！┊︎Sing & Talk【ひなの羽衣/Vtuber】,371,571,ただ君に晴れ,ヨルシカ
BG5m1AO_jlk,【歌枠】ヨルシカさんonlyうたわく！┊︎Sing & Talk【ひなの羽衣/Vtuber】,908,1152,花に亡霊,ヨルシカ
BG5m1AO_jlk,【歌枠】ヨルシカさんonlyうたわく！┊︎Sing & Talk【ひなの羽衣/Vtuber】,1587,1811,ヒッチコック,ヨルシカ
BG5m1AO_jlk,【歌枠】ヨルシカさんonlyうたわく！┊︎Sing & Talk【ひなの羽衣/Vtuber】,2212,2445,ノーチラス,ヨルシカ
BG5m1AO_jlk,【歌枠】ヨルシカさんonlyうたわく！┊︎Sing & Talk【ひなの羽衣/Vtuber】,3042,3286,だから僕は音楽を辞めた,ヨルシカ
BG5m1AO_jlk,【歌枠】ヨルシカさんonlyうたわく！┊︎Sing & Talk【ひなの羽衣/Vtuber】,3753,4051,パレード,ヨルシカ
USbx9-141Ao,【歌枠】ナユタン星人さん限定歌枠🪐┊︎Sing & Talk【ひなの羽衣/Vtuber】,388,575,ロケットサイダー,ナユタン星人
USbx9-141Ao,【歌枠】ナユタン星人さん限定歌枠🪐┊︎Sing & Talk【ひなの羽衣/Vtuber】,926,1106,アンドロメダアンドロメダ,ナユタン星人
USbx9-141Ao,【歌枠】ナユタン星人さん限定歌枠🪐┊︎Sing & Talk【ひなの羽衣/Vtuber】,1273,1473,太陽系デスコ,ナユタン星人
USbx9-141Ao,【歌枠】ナユタン星人さん限定歌枠🪐┊︎Sing & Talk【ひなの羽衣/Vtuber】,1713,1921,金星のダンス,ナユタン星人
USbx9-141Ao,【歌枠】ナユタン星人さん限定歌枠🪐┊︎Sing & Talk【ひなの羽衣/Vtuber】,2437,2644,彗星ハネムーン,ナユタン星人
USbx9-141Ao,【歌枠】ナユタン星人さん限定歌枠🪐┊︎Sing & Talk【ひなの羽衣/Vtuber】,2868,3062,惑星ループ,ナユタン星人
E3mmm1Draug,【#歌うまV歌枠リレー】しっとり歌声で幸せ届けたい🍀┊︎Sing & Talk【ひなの羽衣/Vtuber】,444,697,ハッピーシンセサイザ,Easy Pop
E3mmm1Draug,【#歌うまV歌枠リレー】しっとり歌声で幸せ届けたい🍀┊︎Sing & Talk【ひなの羽衣/Vtuber】,994,1236,メランコリック,Junky
E3mmm1Draug,【#歌うまV歌枠リレー】しっとり歌声で幸せ届けたい🍀┊︎Sing & Talk【ひなの羽衣/Vtuber】,1515,1756,Calc.,ジミーサムP
E3mmm1Draug,【#歌うまV歌枠リレー】しっとり歌声で幸せ届けたい🍀┊︎Sing & Talk【ひなの羽衣/Vtuber】,2116,2403,ピエロ,KEI
E3mmm1Draug,【#歌うまV歌枠リレー】しっとり歌声で幸せ届けたい🍀┊︎Sing & Talk【ひなの羽衣/Vtuber】,2715,3019,心拍数♯0822,蝶々P
E3mmm1Draug,【#歌うまV歌枠リレー】しっとり歌声で幸せ届けたい🍀┊︎Sing & Talk【ひなの羽衣/Vtuber】,3240,3505,それがあなたの幸せとしても,Heavenz
